﻿<?xml version="1.0" encoding="UTF-8"?>
<Carousel>
	<photo image="images/101.jpg" url="http://www.flashxml.net" target="_blank" colorboxImage="images/101.jpg" colorboxInfo="Item 01" colorboxClass="image"><![CDATA[<head>Download the new<br>3D Carousel Menu</head>]]></photo>
	<photo image="images/102.jpg" url="http://www.flashxml.net" target="_blank" colorboxImage="images/102.jpg" colorboxInfo="Item 02" colorboxClass="image"><![CDATA[<head>It's FREE</head>]]></photo>
	<photo image="images/103.jpg" url="http://www.flashxml.net" target="_blank" colorboxImage="images/103.jpg" colorboxInfo="Item 03" colorboxClass="image"><![CDATA[<head>Test all 50 changeable<br>properties below</head>]]></photo>
	<photo image="images/104.jpg" url="http://www.flashxml.net" target="_blank" colorboxImage="images/104.jpg" colorboxInfo="Item 04" colorboxClass="image"><![CDATA[<head>You can customize it<br>completely without Flash</head>]]></photo>
	<photo image="images/105.jpg" url="http://www.flashxml.net" target="_blank" colorboxImage="images/105.jpg" colorboxInfo="Item 05" colorboxClass="image"><![CDATA[<head>Fully XML customizable</head>]]></photo>
	<photo image="images/106.jpg" url="http://www.flashxml.net" target="_blank" colorboxImage="images/106.jpg" colorboxInfo="Item 06" colorboxClass="image"><![CDATA[<head>Very easy to integrate<br>in any website</head>]]></photo>
	<photo image="images/107.jpg" url="http://www.flashxml.net" target="_blank" colorboxImage="http://www.youtube.com/embed/N6AfN5EiUIg?wmode=transparent" colorboxInfo="Item 07" colorboxClass="video"><![CDATA[<head>Even without having Flash installed!</head>]]></photo>
</Carousel>